Date,Open,High,Low,Close,Adj Close,Volume,percent_chnage,Jump,Big_Jump,Drop,Big_Drop
2022-07-01,3781.0,3829.820068359375,3752.10009765625,3825.330078125,3825.330078125,4046950000,1.1724432193864098,0,1,0,0
2022-07-05,3792.610107421875,3832.18994140625,3742.06005859375,3831.389892578125,3831.389892578125,5076590000,1.0225091443056833,0,1,0,0
2022-07-06,3831.97998046875,3870.909912109375,3809.3701171875,3845.080078125,3845.080078125,4417720000,0.34186237201185854,1,0,0,0
2022-07-07,3858.85009765625,3910.6298828125,3858.85009765625,3902.6201171875,3902.6201171875,4057770000,1.1342762331668421,0,1,0,0
2022-07-08,3888.260009765625,3918.5,3869.340087890625,3899.3798828125,3899.3798828125,3521620000,0.28598583991159554,1,0,0,0
2022-07-11,3880.93994140625,3880.93994140625,3847.219970703125,3854.429931640625,3854.429931640625,3423480000,-0.6830821957017785,0,0,1,0
2022-07-12,3851.949951171875,3873.409912109375,3802.360107421875,3818.800048828125,3818.800048828125,3817210000,-0.8606005468390077,0,0,1,0
2022-07-13,3779.669921875,3829.43994140625,3759.070068359375,3801.780029296875,3801.780029296875,4109390000,0.5849745580668753,1,0,0,0
2022-07-14,3763.989990234375,3796.409912109375,3721.56005859375,3790.3798828125,3790.3798828125,4199690000,0.7011148447948479,1,0,0,0
2022-07-15,3818.0,3863.6201171875,3817.179931640625,3863.159912109375,3863.159912109375,4143800000,1.1828159274325456,0,1,0,0
2022-07-18,3883.7900390625,3902.43994140625,3818.6298828125,3830.85009765625,3830.85009765625,4046870000,-1.3630999841337754,0,0,0,1
2022-07-19,3860.72998046875,3939.81005859375,3860.72998046875,3936.68994140625,3936.68994140625,4041070000,1.967502553190137,0,1,0,0
2022-07-20,3935.320068359375,3974.1298828125,3922.030029296875,3959.89990234375,3959.89990234375,4185300000,0.6245955489618371,1,0,0,0
2022-07-21,3955.469970703125,3999.2900390625,3927.639892578125,3998.949951171875,3998.949951171875,4132790000,1.09923677314685,0,1,0,0
2022-07-22,3998.429931640625,4012.43994140625,3938.860107421875,3961.6298828125,3961.6298828125,3979240000,-0.9203624787048725,0,0,1,0
2022-07-25,3965.719970703125,3975.300048828125,3943.4599609375,3966.840087890625,3966.840087890625,3568340000,0.028244989453996006,1,0,0,0
2022-07-26,3953.219970703125,3953.219970703125,3910.739990234375,3921.050048828125,3921.050048828125,3778950000,-0.8137650349185677,0,0,1,0
2022-07-27,3951.429931640625,4039.56005859375,3951.429931640625,4023.610107421875,4023.610107421875,4112180000,1.8266849477267755,0,1,0,0
2022-07-28,4026.1298828125,4078.949951171875,3992.969970703125,4072.429931640625,4072.429931640625,4413000000,1.1499889515680817,0,1,0,0
2022-07-29,4087.330078125,4140.14990234375,4079.219970703125,4130.2900390625,4130.2900390625,4616360000,1.0510519120395356,0,1,0,0
2022-08-01,4112.3798828125,4144.9501953125,4096.02001953125,4118.6298828125,4118.6298828125,4202810000,0.15198012289967533,1,0,0,0
2022-08-02,4104.2099609375,4140.47021484375,4079.81005859375,4091.18994140625,4091.18994140625,4727710000,-0.3172357080941324,0,0,1,0
2022-08-03,4107.9599609375,4167.66015625,4107.9599609375,4155.169921875,4155.169921875,4351760000,1.1492312823498496,0,1,0,0
2022-08-04,4154.85009765625,4161.2900390625,4135.419921875,4151.93994140625,4151.93994140625,4283320000,-0.07004238857237777,0,0,1,0
2022-08-05,4115.8701171875,4151.580078125,4107.31005859375,4145.18994140625,4145.18994140625,4085940000,0.7123602879574031,1,0,0,0
2022-08-08,4155.93017578125,4186.6201171875,4128.97021484375,4140.06005859375,4140.06005859375,4221090000,-0.38186679073636265,0,0,1,0
2022-08-09,4133.10986328125,4137.2998046875,4112.08984375,4122.47021484375,4122.47021484375,3913090000,-0.2574247670506735,0,0,1,0
2022-08-10,4181.02001953125,4211.02978515625,4177.259765625,4210.240234375,4210.240234375,4546010000,0.6988776592135482,1,0,0,0
2022-08-11,4227.39990234375,4257.91015625,4201.41015625,4207.27001953125,4207.27001953125,4630200000,-0.47617645071477144,0,0,1,0
2022-08-12,4225.02001953125,4280.47021484375,4219.77978515625,4280.14990234375,4280.14990234375,3788010000,1.3048431145331385,0,1,0,0
2022-08-15,4269.3701171875,4301.7900390625,4256.89990234375,4297.14013671875,4297.14013671875,3696830000,0.6504476953041349,1,0,0,0
2022-08-16,4290.4599609375,4325.27978515625,4277.77001953125,4305.2001953125,4305.2001953125,4329820000,0.34355837157793445,1,0,0,0
2022-08-17,4280.39990234375,4302.18017578125,4253.080078125,4274.0400390625,4274.0400390625,3885030000,-0.148581053788166,0,0,1,0
2022-08-18,4273.1298828125,4292.52978515625,4261.97998046875,4283.740234375,4283.740234375,3340330000,0.2483039798340192,1,0,0,0
2022-08-19,4266.31005859375,4266.31005859375,4218.7001953125,4228.47998046875,4228.47998046875,3761340000,-0.8867165678405842,0,0,1,0
2022-08-22,4195.080078125,4195.080078125,4129.85986328125,4137.990234375,4137.990234375,3907430000,-1.3608761379238388,0,0,0,1
2022-08-23,4133.08984375,4159.77001953125,4124.02978515625,4128.72998046875,4128.72998046875,3823520000,-0.10548677735237044,0,0,1,0
2022-08-24,4126.5498046875,4156.56005859375,4119.97021484375,4140.77001953125,4140.77001953125,3583630000,0.34460301018532924,1,0,0,0
2022-08-25,4153.259765625,4200.5400390625,4147.58984375,4199.1201171875,4199.1201171875,3566870000,1.104201377965075,0,1,0,0
2022-08-26,4198.740234375,4203.0400390625,4057.659912109375,4057.659912109375,4057.659912109375,3832750000,-3.3600631234722123,0,0,0,1
2022-08-29,4034.580078125,4062.989990234375,4017.419921875,4030.610107421875,4030.610107421875,3396510000,-0.09839860967563174,0,0,1,0
2022-08-30,4041.25,4044.97998046875,3965.2099609375,3986.159912109375,3986.159912109375,3835860000,-1.3631942564955146,0,0,0,1
2022-08-31,4000.669921875,4015.3701171875,3954.530029296875,3955.0,3955.0,4542490000,-1.1415568583972524,0,0,0,1
2022-09-01,3936.72998046875,3970.22998046875,3903.64990234375,3966.85009765625,3966.85009765625,4152250000,0.7651049814677346,1,0,0,0
2022-09-02,3994.659912109375,4018.429931640625,3906.2099609375,3924.260009765625,3924.260009765625,3665850000,-1.7623503350145175,0,0,0,1
2022-09-06,3930.889892578125,3942.550048828125,3886.75,3908.18994140625,3908.18994140625,4127340000,-0.5774761387932648,0,0,1,0
2022-09-07,3909.429931640625,3987.889892578125,3906.030029296875,3979.8701171875,3979.8701171875,3890320000,1.8018019705833277,0,1,0,0
2022-09-08,3959.93994140625,4010.5,3944.81005859375,4006.179931640625,4006.179931640625,3966850000,1.1676942306845683,0,1,0,0
2022-09-09,4022.93994140625,4076.81005859375,4022.93994140625,4067.360107421875,4067.360107421875,3901940000,1.1041717416267804,0,1,0,0
2022-09-12,4083.669921875,4119.27978515625,4083.669921875,4110.41015625,4110.41015625,3814200000,0.6548089068550977,1,0,0,0
2022-09-13,4037.1201171875,4037.1201171875,3921.280029296875,3932.68994140625,3932.68994140625,4224550000,-2.586749285379264,0,0,0,1
2022-09-14,3940.72998046875,3961.93994140625,3912.179931640625,3946.010009765625,3946.010009765625,4293240000,0.13398607169341492,1,0,0,0
2022-09-15,3932.409912109375,3959.139892578125,3888.280029296875,3901.35009765625,3901.35009765625,4441830000,-0.7898417293039639,0,0,1,0
2022-09-16,3880.949951171875,3880.949951171875,3837.080078125,3873.330078125,3873.330078125,7954650000,-0.19634041002188907,0,0,1,0
2022-09-19,3849.909912109375,3900.449951171875,3838.5,3899.889892578125,3899.889892578125,3766850000,1.298211688318851,0,1,0,0
2022-09-20,3875.22998046875,3876.010009765625,3827.5400390625,3855.929931640625,3855.929931640625,4058050000,-0.4980362178605535,0,0,1,0
2022-09-21,3871.39990234375,3907.070068359375,3789.489990234375,3789.929931640625,3789.929931640625,4078330000,-2.104405970920309,0,0,0,1
2022-09-22,3782.360107421875,3790.89990234375,3749.449951171875,3757.989990234375,3757.989990234375,4284600000,-0.6443098090972432,0,0,1,0
2022-09-23,3727.139892578125,3727.139892578125,3647.469970703125,3693.22998046875,3693.22998046875,5144270000,-0.9098105541168411,0,0,1,0
2022-09-26,3682.719970703125,3715.669921875,3644.760009765625,3655.0400390625,3655.0400390625,4886140000,-0.7516165187911428,0,0,1,0
2022-09-27,3686.43994140625,3717.530029296875,3623.2900390625,3647.2900390625,3647.2900390625,4577740000,-1.0619975631236178,0,0,0,1
2022-09-28,3651.93994140625,3736.739990234375,3640.610107421875,3719.0400390625,3719.0400390625,4684850000,1.8373822881219581,0,1,0,0
2022-09-29,3687.010009765625,3687.010009765625,3610.39990234375,3640.469970703125,3640.469970703125,4681810000,-1.2622704831077636,0,0,0,1
2022-09-30,3633.47998046875,3671.43994140625,3584.1298828125,3585.6201171875,3585.6201171875,5645360000,-1.3171907795973548,0,0,0,1
2022-10-03,3609.780029296875,3698.35009765625,3604.929931640625,3678.429931640625,3678.429931640625,4806680000,1.901775226927671,0,1,0,0
2022-10-04,3726.4599609375,3791.919921875,3726.4599609375,3790.929931640625,3790.929931640625,5146580000,1.7300593962884303,0,1,0,0
2022-10-05,3753.25,3806.909912109375,3722.659912109375,3783.280029296875,3783.280029296875,4293180000,0.8001073548757676,1,0,0,0
2022-10-06,3771.969970703125,3797.929931640625,3739.219970703125,3744.52001953125,3744.52001953125,4252100000,-0.7277351459602954,0,0,1,0
2022-10-07,3706.739990234375,3706.739990234375,3620.72998046875,3639.659912109375,3639.659912109375,4449660000,-1.809678539679782,0,0,0,1
2022-10-10,3647.510009765625,3652.169921875,3588.10009765625,3612.389892578125,3612.389892578125,3834320000,-0.9628518384725893,0,0,1,0
2022-10-11,3595.860107421875,3640.659912109375,3568.449951171875,3588.840087890625,3588.840087890625,4759030000,-0.19522504551165998,0,0,1,0
2022-10-12,3590.830078125,3608.340087890625,3573.860107421875,3577.030029296875,3577.030029296875,4006830000,-0.3843136135066261,0,0,1,0
2022-10-13,3520.3701171875,3685.409912109375,3491.580078125,3669.909912109375,3669.909912109375,5021680000,4.24784298082117,0,1,0,0
2022-10-14,3690.409912109375,3712.0,3579.679931640625,3583.070068359375,3583.070068359375,4243030000,-2.908615744765497,0,0,0,1
2022-10-17,3638.64990234375,3689.72998046875,3638.64990234375,3677.949951171875,3677.949951171875,4352780000,1.0800722763355308,0,1,0,0
2022-10-18,3746.260009765625,3762.7900390625,3686.530029296875,3719.97998046875,3719.97998046875,4483740000,-0.7015004091645793,0,0,1,0
2022-10-19,3703.110107421875,3728.580078125,3666.510009765625,3695.159912109375,3695.159912109375,4223800000,-0.21468968196668436,0,0,1,0
2022-10-20,3689.050048828125,3736.0,3656.43994140625,3665.780029296875,3665.780029296875,4496620000,-0.6307862247258433,0,0,1,0
2022-10-21,3657.10009765625,3757.889892578125,3647.419921875,3752.75,3752.75,5078020000,2.6154575972653804,0,1,0,0
2022-10-24,3762.010009765625,3810.739990234375,3741.64990234375,3797.340087890625,3797.340087890625,4747930000,0.9391277012365196,1,0,0,0
2022-10-25,3799.43994140625,3862.85009765625,3799.43994140625,3859.110107421875,3859.110107421875,4843120000,1.5704989928999824,0,1,0,0
2022-10-26,3825.969970703125,3886.14990234375,3824.070068359375,3830.60009765625,3830.60009765625,4817310000,0.12101838196796333,1,0,0,0
2022-10-27,3834.68994140625,3859.949951171875,3803.7900390625,3807.300048828125,3807.300048828125,4687320000,-0.7142661596280409,0,0,1,0
2022-10-28,3808.260009765625,3905.419921875,3808.260009765625,3901.06005859375,3901.06005859375,4459410000,2.436809687105268,0,1,0,0
2022-10-31,3881.85009765625,3893.72998046875,3863.179931640625,3871.97998046875,3871.97998046875,4820620000,-0.2542632234423303,0,0,1,0
2022-11-01,3901.7900390625,3911.7900390625,3843.800048828125,3856.10009765625,3856.10009765625,4481210000,-1.17099948866618,0,0,0,1
2022-11-02,3852.89990234375,3894.43994140625,3758.679931640625,3759.68994140625,3759.68994140625,4899000000,-2.4192157413900017,0,0,0,1
2022-11-03,3733.25,3750.590087890625,3698.14990234375,3719.889892578125,3719.889892578125,4625290000,-0.3578680083539787,0,0,1,0
2022-11-04,3766.97998046875,3796.340087890625,3708.840087890625,3770.550048828125,3770.550048828125,5400180000,0.09477269265791843,1,0,0,0
2022-11-07,3780.7099609375,3813.949951171875,3764.699951171875,3806.800048828125,3806.800048828125,4341620000,0.6900843534729972,1,0,0,0
2022-11-08,3817.02001953125,3859.39990234375,3786.280029296875,3828.110107421875,3828.110107421875,4607640000,0.29054308947498164,1,0,0,0
2022-11-09,3810.93994140625,3818.199951171875,3744.219970703125,3748.570068359375,3748.570068359375,4645010000,-1.6366007863104826,0,0,0,1
2022-11-10,3859.889892578125,3958.330078125,3859.889892578125,3956.3701171875,3956.3701171875,5781260000,2.4995589846976918,0,1,0,0
2022-11-11,3963.719970703125,4001.47998046875,3944.820068359375,3992.929931640625,3992.929931640625,5593310000,0.7369330112469763,1,0,0,0
2022-11-14,3977.969970703125,4008.969970703125,3956.39990234375,3957.25,3957.25,4561930000,-0.5208679516367165,0,0,1,0
2022-11-15,4006.409912109375,4028.840087890625,3953.169921875,3991.72998046875,3991.72998046875,5015310000,-0.36641112523845276,0,0,1,0
2022-11-16,3976.820068359375,3983.090087890625,3954.340087890625,3958.7900390625,3958.7900390625,4165320000,-0.4533780504762275,0,0,1,0
2022-11-17,3919.260009765625,3954.330078125,3906.5400390625,3946.56005859375,3946.56005859375,4051780000,0.696561309025201,1,0,0,0
2022-11-18,3966.389892578125,3979.889892578125,3935.97998046875,3965.340087890625,3965.340087890625,4037360000,-0.026467511160821466,0,0,1,0
2022-11-21,3956.22998046875,3962.0,3933.340087890625,3949.93994140625,3949.93994140625,3850690000,-0.15899073343947911,0,0,1,0
2022-11-22,3965.510009765625,4005.8798828125,3956.8798828125,4003.580078125,4003.580078125,3887990000,0.9600295615348919,1,0,0,0
2022-11-23,4000.300048828125,4033.780029296875,3998.659912109375,4027.260009765625,4027.260009765625,3279720000,0.6739484690754027,1,0,0,0
2022-11-25,4023.340087890625,4034.02001953125,4020.760009765625,4026.1201171875,4026.1201171875,1706460000,0.06909754671851065,1,0,0,0
2022-11-28,4005.360107421875,4012.27001953125,3955.77001953125,3963.93994140625,3963.93994140625,3615430000,-1.0341184039575846,0,0,0,1
2022-11-29,3964.18994140625,3976.77001953125,3937.64990234375,3957.6298828125,3957.6298828125,3546040000,-0.16548295340820252,0,0,1,0
2022-11-30,3957.179931640625,4080.110107421875,3938.580078125,4080.110107421875,4080.110107421875,6579360000,3.1065096332449027,0,1,0,0
2022-12-01,4087.139892578125,4100.509765625,4050.8701171875,4076.570068359375,4076.570068359375,4527130000,-0.25861175532415626,0,0,1,0
2022-12-02,4040.169921875,4080.47998046875,4026.6298828125,4071.699951171875,4071.699951171875,4012620000,0.7804134456365297,1,0,0,0
2022-12-05,4052.02001953125,4052.449951171875,3984.489990234375,3998.840087890625,3998.840087890625,4280820000,-1.312430130756781,0,0,0,1
2022-12-06,3996.6298828125,4001.510009765625,3918.389892578125,3941.260009765625,3941.260009765625,4368380000,-1.3854140781209945,0,0,0,1
2022-12-07,3933.280029296875,3957.570068359375,3922.679931640625,3933.919921875,3933.919921875,4118050000,0.01626867584709757,1,0,0,0
2022-12-08,3947.7900390625,3974.18994140625,3935.830078125,3963.510009765625,3963.510009765625,4006900000,0.3981967264616193,1,0,0,0
2022-12-09,3954.169921875,3977.02001953125,3933.0400390625,3934.3798828125,3934.3798828125,3888260000,-0.500485296623665,0,0,1,0
2022-12-12,3939.2900390625,3990.7099609375,3935.300048828125,3990.56005859375,3990.56005859375,3904130000,1.3015040533408406,0,1,0,0
2022-12-13,4069.3798828125,4100.9599609375,3993.030029296875,4019.64990234375,4019.64990234375,5079360000,-1.222053037584192,0,0,0,1
2022-12-14,4015.5400390625,4053.760009765625,3965.64990234375,3995.320068359375,3995.320068359375,4472340000,-0.503542998113049,0,0,1,0
2022-12-15,3958.3701171875,3958.3701171875,3879.449951171875,3895.75,3895.75,4493900000,-1.5819672070481627,0,0,0,1
2022-12-16,3890.909912109375,3890.909912109375,3827.909912109375,3852.360107421875,3852.360107421875,7493660000,-0.9907657992163865,0,0,1,0
2022-12-19,3853.7900390625,3854.860107421875,3800.0400390625,3817.659912109375,3817.659912109375,3969610000,-0.9375219352093733,0,0,1,0
2022-12-20,3810.469970703125,3838.239990234375,3795.6201171875,3821.6201171875,3821.6201171875,3985370000,0.29261866830345706,1,0,0,0
2022-12-21,3839.489990234375,3889.820068359375,3839.489990234375,3878.43994140625,3878.43994140625,3775200000,1.0144563801687934,0,1,0,0
2022-12-22,3853.260009765625,3853.260009765625,3764.489990234375,3822.389892578125,3822.389892578125,3956950000,-0.8011428533050813,0,0,1,0
2022-12-23,3815.110107421875,3845.800048828125,3797.010009765625,3844.820068359375,3844.820068359375,2819280000,0.7787445211529409,1,0,0,0
2022-12-27,3843.340087890625,3846.64990234375,3813.219970703125,3829.25,3829.25,3030300000,-0.3666104890123867,0,0,1,0
2022-12-28,3829.56005859375,3848.320068359375,3780.780029296875,3783.219970703125,3783.219970703125,3083520000,-1.2100629623665315,0,0,0,1
2022-12-29,3805.449951171875,3858.18994140625,3805.449951171875,3849.280029296875,3849.280029296875,3003680000,1.1517712409147007,0,1,0,0
2022-12-30,3829.06005859375,3839.85009765625,3800.340087890625,3839.5,3839.5,2979870000,0.2726502391316332,1,0,0,0
2023-01-03,3853.2900390625,3878.4599609375,3794.330078125,3824.139892578125,3824.139892578125,3959140000,-0.7565001904571655,0,0,1,0
2023-01-04,3840.360107421875,3873.159912109375,3815.77001953125,3852.969970703125,3852.969970703125,4414080000,0.3283510641848508,1,0,0,0
2023-01-05,3839.739990234375,3839.739990234375,3802.419921875,3808.10009765625,3808.10009765625,3893450000,-0.824011330418073,0,0,1,0
2023-01-06,3823.3701171875,3906.18994140625,3809.56005859375,3895.080078125,3895.080078125,3923560000,1.8755694253908661,0,1,0,0
2023-01-09,3910.820068359375,3950.570068359375,3890.419921875,3892.090087890625,3892.090087890625,4311770000,-0.47892718512635435,0,0,1,0
2023-01-10,3888.570068359375,3919.830078125,3877.2900390625,3919.25,3919.25,3851030000,0.7889772101642878,1,0,0,0
2023-01-11,3932.35009765625,3970.070068359375,3928.5400390625,3969.610107421875,3969.610107421875,4303360000,0.9475252416572211,1,0,0,0
2023-01-12,3977.570068359375,3997.760009765625,3937.56005859375,3983.169921875,3983.169921875,4440260000,0.14078579181220352,1,0,0,0
2023-01-13,3960.60009765625,4003.949951171875,3947.669921875,3999.090087890625,3999.090087890625,3939700000,0.9718221806122695,1,0,0,0
2023-01-17,3999.280029296875,4015.389892578125,3984.570068359375,3990.969970703125,3990.969970703125,4235560000,-0.2077888653176152,0,0,1,0
2023-01-18,4002.25,4014.159912109375,3926.590087890625,3928.860107421875,3928.860107421875,4298710000,-1.833715849287898,0,0,0,1
2023-01-19,3911.840087890625,3922.93994140625,3885.5400390625,3898.85009765625,3898.85009765625,3991500000,-0.33206853916617485,0,0,1,0
2023-01-20,3909.0400390625,3972.9599609375,3897.860107421875,3972.610107421875,3972.610107421875,4013360000,1.6262322136413987,0,1,0,0
2023-01-23,3978.139892578125,4039.31005859375,3971.639892578125,4019.81005859375,4019.81005859375,3945210000,1.0474786493398058,0,1,0,0
2023-01-24,4001.739990234375,4023.919921875,3989.7900390625,4016.949951171875,4016.949951171875,3320430000,0.38008368796118575,1,0,0,0
2023-01-25,3982.7099609375,4019.550048828125,3949.06005859375,4016.219970703125,4016.219970703125,3724020000,0.8413871483058388,1,0,0,0
2023-01-26,4036.080078125,4061.570068359375,4013.2900390625,4060.429931640625,4060.429931640625,3809590000,0.603304519342851,1,0,0,0
2023-01-27,4053.719970703125,4094.2099609375,4048.699951171875,4070.56005859375,4070.56005859375,3907760000,0.4154230684983329,1,0,0,0
2023-01-30,4049.27001953125,4063.85009765625,4015.550048828125,4017.77001953125,4017.77001953125,3802000000,-0.7779179913432022,0,0,1,0
2023-01-31,4020.85009765625,4077.159912109375,4020.43994140625,4076.60009765625,4076.60009765625,4679320000,1.3865227164896465,0,1,0,0
2023-02-01,4070.070068359375,4148.9501953125,4037.199951171875,4119.2099609375,4119.2099609375,4856930000,1.2073475825425506,0,1,0,0
2023-02-02,4158.68017578125,4195.43994140625,4141.8798828125,4179.759765625,4179.759765625,5624360000,0.5068817257578573,1,0,0,0
2023-02-03,4136.68994140625,4182.35986328125,4123.35986328125,4136.47998046875,4136.47998046875,4694510000,-0.005075578311986018,0,0,1,0
2023-02-06,4119.56982421875,4124.6298828125,4093.3798828125,4111.080078125,4111.080078125,4114240000,-0.20608331588020112,0,0,1,0
2023-02-07,4105.35009765625,4176.5400390625,4088.389892578125,4164.0,4164.0,4355860000,1.42862121253029,0,1,0,0
2023-02-08,4153.47021484375,4156.85009765625,4111.669921875,4117.85986328125,4117.85986328125,4029820000,-0.8573638360336644,0,0,1,0
2023-02-09,4144.25,4156.22998046875,4069.669921875,4081.5,4081.5,4270200000,-1.5141461060505512,0,0,0,1
2023-02-10,4068.919921875,4094.360107421875,4060.7900390625,4090.4599609375,4090.4599609375,3891520000,0.5293797734061689,1,0,0,0
2023-02-13,4096.6201171875,4138.89990234375,4092.669921875,4137.2900390625,4137.2900390625,3448620000,0.992767713666387,1,0,0,0
2023-02-14,4126.7001953125,4159.77001953125,4095.010009765625,4136.1298828125,4136.1298828125,3929200000,0.22850430255900722,1,0,0,0
2023-02-15,4119.5,4148.10986328125,4103.97998046875,4147.60009765625,4147.60009765625,4075980000,0.6821239872860874,1,0,0,0
2023-02-16,4114.75,4136.5400390625,4089.489990234375,4090.409912109375,4090.409912109375,4143660000,-0.5915326056412873,0,0,1,0
2023-02-17,4077.389892578125,4081.510009765625,4047.949951171875,4079.090087890625,4079.090087890625,4045480000,0.041698129374245774,1,0,0,0
2023-02-21,4052.35009765625,4052.35009765625,3995.18994140625,3997.340087890625,3997.340087890625,4121590000,-1.357484137351339,0,0,0,1
2023-02-22,4001.830078125,4017.3701171875,3976.89990234375,3991.050048828125,3991.050048828125,4079320000,-0.2693774869603094,0,0,1,0
2023-02-23,4018.60009765625,4028.300048828125,3969.18994140625,4012.320068359375,4012.320068359375,3952940000,-0.15627405425431284,0,0,1,0
2023-02-24,3973.239990234375,3978.25,3943.080078125,3970.0400390625,3970.0400390625,3877700000,-0.08053757587611621,0,0,1,0
2023-02-27,3992.360107421875,4018.050048828125,3973.550048828125,3982.239990234375,3982.239990234375,3836950000,-0.2534870832089142,0,0,1,0
2023-02-28,3977.18994140625,3997.5,3968.97998046875,3970.14990234375,3970.14990234375,5043400000,-0.1770103808522383,0,0,1,0
2023-03-01,3963.340087890625,3971.72998046875,3939.050048828125,3951.389892578125,3951.389892578125,4249480000,-0.30151829132736285,0,0,1,0
2023-03-02,3938.679931640625,3990.840087890625,3928.159912109375,3981.35009765625,3981.35009765625,4244900000,1.0833621100522217,0,1,0,0
2023-03-03,3998.02001953125,4048.2900390625,3995.169921875,4045.639892578125,4045.639892578125,4084730000,1.1910864081280392,0,1,0,0
2023-03-06,4055.14990234375,4078.489990234375,4044.610107421875,4048.419921875,4048.419921875,4000870000,-0.1659613240156732,0,0,1,0
2023-03-07,4048.260009765625,4050.0,3980.31005859375,3986.3701171875,3986.3701171875,3922500000,-1.5288023108404047,0,0,0,1
2023-03-08,3987.550048828125,4000.409912109375,3969.760009765625,3992.010009765625,3992.010009765625,3535570000,0.11184714631509163,1,0,0,0
2023-03-09,3998.659912109375,4017.81005859375,3908.699951171875,3918.320068359375,3918.320068359375,4445260000,-2.0091692095819957,0,0,0,1
2023-03-10,3912.77001953125,3934.050048828125,3846.320068359375,3861.590087890625,3861.590087890625,5518190000,-1.308022996116609,0,0,0,1
2023-03-13,3835.1201171875,3905.050048828125,3808.860107421875,3855.760009765625,3855.760009765625,6558020000,0.5381811246439216,1,0,0,0
2023-03-14,3894.010009765625,3937.2900390625,3873.6298828125,3919.2900390625,3919.2900390625,5665870000,0.6492029869845206,1,0,0,0
2023-03-15,3876.739990234375,3894.260009765625,3838.239990234375,3891.929931640625,3891.929931640625,6594010000,0.39182254792722304,1,0,0,0
2023-03-16,3878.929931640625,3964.4599609375,3864.110107421875,3960.280029296875,3960.280029296875,5695790000,2.0972303983290086,0,1,0,0
2023-03-17,3958.68994140625,3958.909912109375,3901.27001953125,3916.639892578125,3916.639892578125,9354280000,-1.0622213270177872,0,0,0,1
2023-03-20,3917.469970703125,3956.6201171875,3916.889892578125,3951.570068359375,3951.570068359375,5347140000,0.870462260368754,1,0,0,0
2023-03-21,3975.889892578125,4009.080078125,3971.18994140625,4002.8701171875,4002.8701171875,4920240000,0.6785958700652017,1,0,0,0
2023-03-22,4002.0400390625,4039.489990234375,3936.169921875,3936.969970703125,3936.969970703125,4533010000,-1.6259224726451804,0,0,0,1
2023-03-23,3959.2099609375,4007.659912109375,3919.050048828125,3948.719970703125,3948.719970703125,4991600000,-0.2649516024123888,0,0,1,0
2023-03-24,3939.2099609375,3972.739990234375,3909.159912109375,3970.989990234375,3970.989990234375,4583970000,0.8067614981688287,1,0,0,0
2023-03-27,3982.929931640625,4003.830078125,3970.489990234375,3977.530029296875,3977.530029296875,4233540000,-0.13557613205427144,0,0,1,0
2023-03-28,3974.1298828125,3979.199951171875,3951.530029296875,3971.27001953125,3971.27001953125,4014600000,-0.07196199836393413,0,0,1,0
2023-03-29,3999.530029296875,4030.590087890625,3999.530029296875,4027.81005859375,4027.81005859375,4145250000,0.7070838095906584,1,0,0,0
2023-03-30,4046.739990234375,4057.85009765625,4032.10009765625,4050.830078125,4050.830078125,3930860000,0.10107118076514432,1,0,0,0
2023-03-31,4056.179931640625,4110.75,4056.179931640625,4109.31005859375,4109.31005859375,4525120000,1.3098562649718426,0,1,0,0
2023-04-03,4102.2001953125,4127.66015625,4098.7900390625,4124.509765625,4124.509765625,4234700000,0.5438440166326552,1,0,0,0
2023-04-04,4128.02978515625,4133.1298828125,4086.8701171875,4100.60009765625,4100.60009765625,4227800000,-0.6644740694127904,0,0,1,0
2023-04-05,4094.5,4099.68994140625,4072.56005859375,4090.3798828125,4090.3798828125,3968020000,-0.10062564873610791,0,0,1,0
2023-04-06,4081.14990234375,4107.31982421875,4069.840087890625,4105.02001953125,4105.02001953125,3486690000,0.5848870479810531,1,0,0,0
2023-04-10,4085.199951171875,4109.5,4072.550048828125,4109.10986328125,4109.10986328125,3423650000,0.5852813178095717,1,0,0,0
2023-04-11,4110.2900390625,4124.259765625,4102.60986328125,4108.93994140625,4108.93994140625,3665830000,-0.03284677342521025,0,0,1,0
2023-04-12,4121.72021484375,4134.3701171875,4086.93994140625,4091.949951171875,4091.949951171875,3633120000,-0.7222776442870171,0,0,1,0
2023-04-13,4100.0400390625,4150.259765625,4099.39990234375,4146.22021484375,4146.22021484375,3596590000,1.1263347513993827,0,1,0,0
2023-04-14,4140.10986328125,4163.18994140625,4113.2001953125,4137.64013671875,4137.64013671875,3575690000,-0.0596536479479437,0,0,1,0
2023-04-17,4137.169921875,4151.72021484375,4123.18017578125,4151.31982421875,4151.31982421875,3611180000,0.342018882737527,1,0,0,0
2023-04-18,4164.259765625,4169.47998046875,4140.35986328125,4154.8701171875,4154.8701171875,3536640000,-0.2254818134788228,0,0,1,0
2023-04-19,4139.330078125,4162.56982421875,4134.490234375,4154.52001953125,4154.52001953125,3572560000,0.3669661785737688,1,0,0,0
2023-04-20,4130.47998046875,4148.56982421875,4114.56982421875,4129.7900390625,4129.7900390625,3772080000,-0.016703661790218316,0,0,1,0
2023-04-21,4132.14013671875,4138.02001953125,4113.85986328125,4133.52001953125,4133.52001953125,3611750000,0.03339390163072942,1,0,0,0
2023-04-24,4132.06982421875,4142.41015625,4117.77001953125,4137.0400390625,4137.0400390625,3290940000,0.12028390262475153,1,0,0,0
2023-04-25,4126.43017578125,4126.43017578125,4071.3798828125,4071.6298828125,4071.6298828125,3978640000,-1.328031509908556,0,0,0,1
2023-04-26,4087.780029296875,4089.669921875,4049.35009765625,4055.989990234375,4055.989990234375,3837030000,-0.77768468055186,0,0,1,0
2023-04-27,4075.2900390625,4138.240234375,4075.2900390625,4135.35009765625,4135.35009765625,3750550000,1.4737615732392406,0,1,0,0
2023-04-28,4129.6298828125,4170.06005859375,4127.18017578125,4169.47998046875,4169.47998046875,4087800000,0.9649798840837054,1,0,0,0
2023-05-01,4166.7900390625,4186.919921875,4164.1201171875,4167.8701171875,4167.8701171875,3321370000,0.025921107492199447,1,0,0,0
2023-05-02,4164.10009765625,4164.10009765625,4089.719970703125,4119.580078125,4119.580078125,4486130000,-1.0691390333365858,0,0,0,1
2023-05-03,4122.25,4148.2998046875,4088.860107421875,4090.75,4090.75,4246510000,-0.7641457941658047,0,0,1,0
2023-05-04,4082.550048828125,4082.610107421875,4048.280029296875,4061.219970703125,4061.219970703125,4920090000,-0.5224694827959953,0,0,1,0
2023-05-05,4084.72998046875,4147.02001953125,4084.72998046875,4136.25,4136.25,4186270000,1.2612833596735706,0,1,0,0
2023-05-08,4136.97998046875,4142.2998046875,4123.81005859375,4138.1201171875,4138.1201171875,3641640000,0.02755963829006447,1,0,0,0
2023-05-09,4124.25,4130.35009765625,4116.64990234375,4119.169921875,4119.169921875,3810140000,-0.12317580469176637,0,0,1,0
2023-05-10,4143.740234375,4154.27978515625,4098.919921875,4137.64013671875,4137.64013671875,4057160000,-0.14721235674103328,0,0,1,0
2023-05-11,4132.240234375,4132.7998046875,4109.2900390625,4130.6201171875,4130.6201171875,3752900000,-0.03920675216370073,0,0,1,0
2023-05-12,4138.5400390625,4143.740234375,4099.1201171875,4124.080078125,4124.080078125,3533740000,-0.34939763300624316,0,0,1,0
2023-05-15,4126.64990234375,4141.25,4110.27001953125,4136.27978515625,4136.27978515625,3562170000,0.2333583667233574,1,0,0,0
2023-05-16,4127.9501953125,4135.5400390625,4109.85986328125,4109.89990234375,4109.89990234375,3654200000,-0.43727012475216487,0,0,1,0
2023-05-17,4122.85009765625,4164.669921875,4113.6201171875,4158.77001953125,4158.77001953125,4039080000,0.8712400651049501,1,0,0,0
2023-05-18,4157.68017578125,4202.2001953125,4153.5,4198.0498046875,4198.0498046875,3980500000,0.9709652305967653,1,0,0,0
2023-05-19,4204.14990234375,4212.91015625,4180.2001953125,4191.97998046875,4191.97998046875,4041900000,-0.289474023469416,0,0,1,0
2023-05-22,4190.77978515625,4209.22021484375,4179.68017578125,4192.6298828125,4192.6298828125,3728520000,0.04414685932205842,1,0,0,0
2023-05-23,4176.7998046875,4185.68017578125,4142.5400390625,4145.580078125,4145.580078125,4155320000,-0.7474556603709659,0,0,1,0
2023-05-24,4132.9599609375,4132.9599609375,4103.97998046875,4115.240234375,4115.240234375,3739160000,-0.42874179111284105,0,0,1,0
2023-05-25,4155.7099609375,4165.740234375,4129.72998046875,4151.27978515625,4151.27978515625,4147760000,-0.10660454706638012,0,0,1,0
2023-05-26,4156.16015625,4212.8701171875,4156.16015625,4205.4501953125,4205.4501953125,3715460000,1.185951388046913,0,1,0,0
2023-05-30,4226.7099609375,4231.10009765625,4192.18017578125,4205.52001953125,4205.52001953125,4228510000,-0.5013341724907527,0,0,1,0
2023-05-31,4190.740234375,4195.43994140625,4166.14990234375,4179.830078125,4179.830078125,5980670000,-0.2603395972985423,0,0,1,0
2023-06-01,4183.02978515625,4232.43017578125,4171.64013671875,4221.02001953125,4221.02001953125,4391860000,0.9081989927447021,1,0,0,0
2023-06-02,4241.009765625,4290.669921875,4241.009765625,4282.3701171875,4282.3701171875,4454200000,0.9752477322203079,1,0,0,0
2023-06-05,4282.990234375,4299.27978515625,4266.81982421875,4273.7900390625,4273.7900390625,3813290000,-0.2148077583427499,0,0,1,0
2023-06-06,4271.33984375,4288.330078125,4263.08984375,4283.85009765625,4283.85009765625,3996560000,0.29288828245674914,1,0,0,0
2023-06-07,4285.47021484375,4299.18994140625,4263.9599609375,4267.52001953125,4267.52001953125,4537800000,-0.41886174474682347,0,0,1,0
2023-06-08,4268.68994140625,4298.009765625,4261.06982421875,4293.93017578125,4293.93017578125,3826740000,0.5912876016168411,1,0,0,0
2023-06-09,4304.8798828125,4322.6201171875,4291.7001953125,4298.85986328125,4298.85986328125,3786510000,-0.13984175389620823,0,0,1,0
2023-06-12,4308.31982421875,4340.1298828125,4304.3701171875,4338.93017578125,4338.93017578125,3945670000,0.7104939468613125,1,0,0,0
2023-06-13,4352.60986328125,4375.3701171875,4349.31005859375,4369.009765625,4369.009765625,4275400000,0.37678319120901804,1,0,0,0
2023-06-14,4366.2900390625,4391.81982421875,4337.85009765625,4372.58984375,4372.58984375,4252110000,0.1442827808308511,1,0,0,0
2023-06-15,4365.330078125,4439.2001953125,4362.60009765625,4425.83984375,4425.83984375,4176690000,1.3861441069077163,0,1,0,0
2023-06-16,4440.9501953125,4448.47021484375,4407.43994140625,4409.58984375,4409.58984375,6848600000,-0.7061630998609569,0,0,1,0
2023-06-20,4396.10986328125,4400.14990234375,4367.18994140625,4388.7099609375,4388.7099609375,4055790000,-0.16832842157922245,0,0,1,0
2023-06-21,4380.009765625,4386.22021484375,4360.14013671875,4365.68994140625,4365.68994140625,3709330000,-0.3269358970642955,0,0,1,0
2023-06-22,4355.39990234375,4382.25,4351.81982421875,4381.89013671875,4381.89013671875,3511000000,0.6082158922018799,1,0,0,0
2023-06-23,4354.169921875,4366.5498046875,4341.33984375,4348.330078125,4348.330078125,6053620000,-0.13412071312746132,0,0,1,0
2023-06-26,4344.83984375,4362.06005859375,4328.080078125,4328.81982421875,4328.81982421875,3415030000,-0.36871369503514995,0,0,1,0
2023-06-27,4337.35986328125,4384.419921875,4335.0,4378.41015625,4378.41015625,3573500000,0.9464350264378307,1,0,0,0
2023-06-28,4367.47998046875,4390.35009765625,4360.22021484375,4376.85986328125,4376.85986328125,3739330000,0.2147664752774281,1,0,0,0
2023-06-29,4374.93994140625,4398.39013671875,4371.97021484375,4396.43994140625,4396.43994140625,3696660000,0.491435317694644,1,0,0,0
2023-06-30,4422.43994140625,4458.47998046875,4422.43994140625,4450.3798828125,4450.3798828125,3923450000,0.6317766159954941,1,0,0,0
